,work1,work2,|,t,q,r,|,t_prime,r_prime,|,l_t,l_q,l_r_prime,l_shift,|,phase1,phase2,iter,sign
0,10||01001010100000010111110010101010111,00000000|11000101001101000111100011111|,|,1,0,10000000343,|,0,413568799,|,1,0,29,0,|,0,0,0,0
1,10||01001010100000010111110010101010111,00000000|11000101001101000111100011111|,|,1,0,10000000343,|,0,413568799,|,1,0,29,0,|,0,0,0,0
2,10||01001010100000010111110010101010111,0000000|11000101001101000111100011111|0,|,1,0,10000000343,|,0,413568799,|,1,0,29,1,|,0,0,0,0
3,10||01001010100000010111110010101010111,000000|11000101001101000111100011111|00,|,1,0,10000000343,|,0,413568799,|,1,0,29,2,|,0,0,0,0
4,10||01001010100000010111110010101010111,00000|11000101001101000111100011111|000,|,1,0,10000000343,|,0,413568799,|,1,0,29,3,|,0,0,0,0
5,10||01001010100000010111110010101010111,0000|11000101001101000111100011111|0000,|,1,0,10000000343,|,0,413568799,|,1,0,29,4,|,0,0,0,0
6,10||01001010100000010111110010101010111,000|11000101001101000111100011111|00000,|,1,0,10000000343,|,0,413568799,|,1,0,29,5,|,0,1,0,0
7,10|1|0011001001101000101111001101100111,0000|11000101001101000111100011111|0000,|,1,16,3382899559,|,0,413568799,|,1,1,29,4,|,0,1,0,0
8,10|11|000000100011011100111101001101111,00000|11000101001101000111100011111|000,|,1,24,74349167,|,0,413568799,|,1,2,29,3,|,0,1,0,0
9,10|110|00000100011011100111101001101111,000000|11000101001101000111100011111|00,|,1,24,74349167,|,0,413568799,|,1,3,29,2,|,0,1,0,0
10,10|1100|0000100011011100111101001101111,0000000|11000101001101000111100011111|0,|,1,24,74349167,|,0,413568799,|,1,4,29,1,|,0,1,0,0
11,10|11000|000100011011100111101001101111,00000000|11000101001101000111100011111|,|,1,24,74349167,|,0,413568799,|,1,5,29,0,|,1,0,0,0
12,10|1100|0000100011011100111101001101111,0000000|11000101001101000111100011111|0,|,1,24,74349167,|,0,413568799,|,1,4,29,1,|,1,0,0,0
13,10|110|00000100011011100111101001101111,000000|11000101001101000111100011111|00,|,1,24,74349167,|,0,413568799,|,1,3,29,2,|,1,0,0,0
14,10|11|000000100011011100111101001101111,00000|11000101001101000111100011111|000,|,1,24,74349167,|,0,413568799,|,1,2,29,3,|,1,0,0,0
15,10|1|0000000100011011100111101001101111,0000|11000101001101000111100011111|0001,|,1,16,74349167,|,8,413568799,|,1,1,29,4,|,1,0,0,0
16,10||00000000100011011100111101001101111,000|11000101001101000111100011111|00011,|,1,0,74349167,|,24,413568799,|,1,0,29,5,|,1,1,0,1
17,10||00000000100011011100111101001101111,1000|11000101001101000111100011111|0001,|,1,0,74349167,|,24,413568799,|,1,0,29,4,|,1,1,0,0
18,10||00000000100011011100111101001101111,11000|11000101001101000111100011111|000,|,1,0,74349167,|,24,413568799,|,1,0,29,3,|,1,1,0,0
19,10||00000000100011011100111101001101111,011000|11000101001101000111100011111|00,|,1,0,74349167,|,24,413568799,|,1,0,29,2,|,1,1,0,0
20,10||00000000100011011100111101001101111,0011000|11000101001101000111100011111|0,|,1,0,74349167,|,24,413568799,|,1,0,29,1,|,1,1,0,0
21,000110||0011000101001101000111100011111,1000000000|100011011100111101001101111|,|,24,0,413568799,|,1,74349167,|,5,0,27,0,|,0,0,1,0
22,000110||0011000101001101000111100011111,000000000|100011011100111101001101111|1,|,24,0,413568799,|,1,74349167,|,5,0,27,1,|,0,0,1,0
23,000110||0011000101001101000111100011111,00000000|100011011100111101001101111|10,|,24,0,413568799,|,1,74349167,|,5,0,27,2,|,0,0,1,0
24,000110||0011000101001101000111100011111,0000000|100011011100111101001101111|100,|,24,0,413568799,|,1,74349167,|,5,0,27,3,|,0,1,1,0
25,000110|1|000110111011001010010101100011,00000000|100011011100111101001101111|10,|,24,4,116172131,|,1,74349167,|,5,1,27,2,|,0,1,1,0
26,000110|10|00110111011001010010101100011,000000000|100011011100111101001101111|1,|,24,4,116172131,|,1,74349167,|,5,2,27,1,|,0,1,1,0
27,000110|101|0010011111100010101011110100,1000000000|100011011100111101001101111|,|,24,5,41822964,|,1,74349167,|,5,3,27,0,|,1,0,1,0
28,000110|10|00010011111100010101011110100,001100000|100011011100111101001101111|1,|,24,4,41822964,|,25,74349167,|,5,2,27,1,|,1,0,1,0
29,000110|1|000010011111100010101011110100,01100000|100011011100111101001101111|10,|,24,4,41822964,|,25,74349167,|,5,1,27,2,|,1,0,1,0
30,000110||0000010011111100010101011110100,1111000|100011011100111101001101111|100,|,24,0,41822964,|,121,74349167,|,5,0,27,3,|,1,1,1,1
31,000110||0000010011111100010101011110100,01111000|100011011100111101001101111|10,|,24,0,41822964,|,121,74349167,|,5,0,27,2,|,1,1,1,0
32,000110||0000010011111100010101011110100,001111000|100011011100111101001101111|1,|,24,0,41822964,|,121,74349167,|,5,0,27,1,|,1,1,1,0
33,10011110||00100011011100111101001101111,00011000000|10011111100010101011110100|,|,121,0,74349167,|,24,41822964,|,7,0,26,0,|,0,0,0,0
34,10011110||00100011011100111101001101111,0011000000|10011111100010101011110100|0,|,121,0,74349167,|,24,41822964,|,7,0,26,1,|,0,1,0,0
35,10011110|1|0001111100000100111101111011,00011000000|10011111100010101011110100|,|,121,1,32526203,|,24,41822964,|,7,1,26,0,|,1,0,0,0
36,10011110||00001111100000100111101111011,0001001000|10011111100010101011110100|1,|,121,0,32526203,|,145,41822964,|,7,0,26,1,|,1,1,0,1
37,100010010||0010011111100010101011110100,100111100000|1111100000100111101111011|,|,145,0,41822964,|,121,32526203,|,8,0,25,0,|,0,0,1,0
38,100010010||0010011111100010101011110100,00111100000|1111100000100111101111011|1,|,145,0,41822964,|,121,32526203,|,8,0,25,1,|,0,1,1,0
39,100010010|1|000100011011101101101111001,100111100000|1111100000100111101111011|,|,145,1,9296761,|,121,32526203,|,8,1,25,0,|,1,0,1,0
40,100010010||0000100011011101101101111001,10100001000|1111100000100111101111011|0,|,145,0,9296761,|,266,32526203,|,8,0,25,1,|,1,1,1,1
41,0101000010||001111100000100111101111011,1000100100000|100011011101101101111001|,|,266,0,32526203,|,145,9296761,|,9,0,24,0,|,0,0,0,0
42,0101000010||001111100000100111101111011,000100100000|100011011101101101111001|1,|,266,0,32526203,|,145,9296761,|,9,0,24,1,|,0,0,0,0
43,0101000010||001111100000100111101111011,00100100000|100011011101101101111001|10,|,266,0,32526203,|,145,9296761,|,9,0,24,2,|,0,1,0,0
44,0101000010|1|00110101001001100010001001,000100100000|100011011101101101111001|1,|,266,2,13932681,|,145,9296761,|,9,1,24,1,|,0,1,0,0
45,0101000010|11|0010001101011110100010000,1000100100000|100011011101101101111001|,|,266,3,4635920,|,145,9296761,|,9,2,24,0,|,1,0,0,0
46,0101000010|1|00010001101011110100010000,101100110000|100011011101101101111001|1,|,266,2,4635920,|,411,9296761,|,9,1,24,1,|,1,0,0,0
47,0101000010||000010001101011110100010000,11010111000|100011011101101101111001|11,|,266,0,4635920,|,943,9296761,|,9,0,24,2,|,1,1,0,1
48,0101000010||000010001101011110100010000,111010111000|100011011101101101111001|1,|,266,0,4635920,|,943,9296761,|,9,0,24,1,|,1,1,0,0
49,11110101110||00100011011101101101111001,01010000100000|10001101011110100010000|,|,943,0,9296761,|,266,4635920,|,10,0,23,0,|,0,0,1,0
50,11110101110||00100011011101101101111001,1010000100000|10001101011110100010000|0,|,943,0,9296761,|,266,4635920,|,10,0,23,1,|,0,0,1,0
51,11110101110||00100011011101101101111001,010000100000|10001101011110100010000|01,|,943,0,9296761,|,266,4635920,|,10,0,23,2,|,0,1,1,0
52,11110101110|1|0000000000110000101011001,1010000100000|10001101011110100010000|0,|,943,2,24921,|,266,4635920,|,10,1,23,1,|,0,1,1,0
53,11110101110|10|000000000110000101011001,01010000100000|10001101011110100010000|,|,943,2,24921,|,266,4635920,|,10,2,23,0,|,1,0,1,0
54,11110101110|1|0000000000110000101011001,1010000100000|10001101011110100010000|0,|,943,2,24921,|,266,4635920,|,10,1,23,1,|,1,0,1,0
55,11110101110||00000000000110000101011001,010110000100|10001101011110100010000|00,|,943,0,24921,|,2152,4635920,|,10,0,23,2,|,1,1,1,1
56,11110101110||00000000000110000101011001,0010110000100|10001101011110100010000|0,|,943,0,24921,|,2152,4635920,|,10,0,23,1,|,1,1,1,0
57,0001011000010||010001101011110100010000,1111010111000000000000|110000101011001|,|,2152,0,4635920,|,943,24921,|,12,0,15,0,|,0,0,0,0
58,0001011000010||010001101011110100010000,111010111000000000000|110000101011001|1,|,2152,0,4635920,|,943,24921,|,12,0,15,1,|,0,0,0,0
59,0001011000010||010001101011110100010000,11010111000000000000|110000101011001|11,|,2152,0,4635920,|,943,24921,|,12,0,15,2,|,0,0,0,0
60,0001011000010||010001101011110100010000,1010111000000000000|110000101011001|111,|,2152,0,4635920,|,943,24921,|,12,0,15,3,|,0,0,0,0
61,0001011000010||010001101011110100010000,010111000000000000|110000101011001|1111,|,2152,0,4635920,|,943,24921,|,12,0,15,4,|,0,0,0,0
62,0001011000010||010001101011110100010000,10111000000000000|110000101011001|11110,|,2152,0,4635920,|,943,24921,|,12,0,15,5,|,0,0,0,0
63,0001011000010||010001101011110100010000,0111000000000000|110000101011001|111101,|,2152,0,4635920,|,943,24921,|,12,0,15,6,|,0,0,0,0
64,0001011000010||010001101011110100010000,111000000000000|110000101011001|1111010,|,2152,0,4635920,|,943,24921,|,12,0,15,7,|,0,0,0,0
65,0001011000010||010001101011110100010000,11000000000000|110000101011001|11110101,|,2152,0,4635920,|,943,24921,|,12,0,15,8,|,0,1,0,0
66,0001011000010|1|00101100001000010010000,111000000000000|110000101011001|1111010,|,2152,128,1446032,|,943,24921,|,12,1,15,7,|,0,1,0,0
67,0001011000010|10|0101100001000010010000,0111000000000000|110000101011001|111101,|,2152,128,1446032,|,943,24921,|,12,2,15,6,|,0,1,0,0
68,0001011000010|101|010011110010101110000,10111000000000000|110000101011001|11110,|,2152,160,648560,|,943,24921,|,12,3,15,5,|,0,1,0,0
69,0001011000010|1011|00111100111111100000,010111000000000000|110000101011001|1111,|,2152,176,249824,|,943,24921,|,12,4,15,4,|,0,1,0,0
70,0001011000010|10111|0001100010100011000,1010111000000000000|110000101011001|111,|,2152,184,50456,|,943,24921,|,12,5,15,3,|,0,1,0,0
71,0001011000010|101110|001100010100011000,11010111000000000000|110000101011001|11,|,2152,184,50456,|,943,24921,|,12,6,15,2,|,0,1,0,0
72,0001011000010|1011101|00000001001100110,111010111000000000000|110000101011001|1,|,2152,186,614,|,943,24921,|,12,7,15,1,|,0,1,0,0
73,0001011000010|10111010|0000001001100110,1111010111000000000000|110000101011001|,|,2152,186,614,|,943,24921,|,12,8,15,0,|,1,0,0,0
74,0001011000010|1011101|00000001001100110,111010111000000000000|110000101011001|1,|,2152,186,614,|,943,24921,|,12,7,15,1,|,1,0,0,0
75,0001011000010|101110|000000001001100110,11111000101000000000|110000101011001|11,|,2152,184,614,|,5247,24921,|,12,6,15,2,|,1,0,0,0
76,0001011000010|10111|0000000001001100110,1111000101000000000|110000101011001|111,|,2152,184,614,|,5247,24921,|,12,5,15,3,|,1,0,0,0
77,0001011000010|1011|00000000001001100110,110111101010000000|110000101011001|1111,|,2152,176,614,|,22463,24921,|,12,4,15,4,|,1,0,0,0
78,0001011000010|101|000000000001001100110,10001111011000000|110000101011001|11111,|,2152,160,614,|,56895,24921,|,12,3,15,5,|,1,0,0,0
79,0001011000010|10|0000000000001001100110,0011010111100000|110000101011001|111111,|,2152,128,614,|,125759,24921,|,12,2,15,6,|,1,0,0,0
80,0001011000010|1|00000000000001001100110,011010111100000|110000101011001|1111110,|,2152,128,614,|,125759,24921,|,12,1,15,7,|,1,0,0,0
81,0001011000010||000000000000001001100110,11111000011000|110000101011001|11111100,|,2152,0,614,|,401215,24921,|,12,0,15,8,|,1,1,0,1
82,0001011000010||000000000000001001100110,011111000011000|110000101011001|1111110,|,2152,0,614,|,401215,24921,|,12,0,15,7,|,1,1,0,0
83,0001011000010||000000000000001001100110,0011111000011000|110000101011001|111111,|,2152,0,614,|,401215,24921,|,12,0,15,6,|,1,1,0,0
84,0001011000010||000000000000001001100110,10011111000011000|110000101011001|11111,|,2152,0,614,|,401215,24921,|,12,0,15,5,|,1,1,0,0
85,0001011000010||000000000000001001100110,110011111000011000|110000101011001|1111,|,2152,0,614,|,401215,24921,|,12,0,15,4,|,1,1,0,0
86,0001011000010||000000000000001001100110,1110011111000011000|110000101011001|111,|,2152,0,614,|,401215,24921,|,12,0,15,3,|,1,1,0,0
87,0001011000010||000000000000001001100110,11110011111000011000|110000101011001|11,|,2152,0,614,|,401215,24921,|,12,0,15,2,|,1,1,0,0
88,0001011000010||000000000000001001100110,111110011111000011000|110000101011001|1,|,2152,0,614,|,401215,24921,|,12,0,15,1,|,1,1,0,0
89,11111100111110000110||00110000101011001,000101100001000000000000000|1001100110|,|,401215,0,24921,|,2152,614,|,19,0,10,0,|,0,0,1,0
90,11111100111110000110||00110000101011001,00101100001000000000000000|1001100110|0,|,401215,0,24921,|,2152,614,|,19,0,10,1,|,0,0,1,0
91,11111100111110000110||00110000101011001,0101100001000000000000000|1001100110|00,|,401215,0,24921,|,2152,614,|,19,0,10,2,|,0,0,1,0
92,11111100111110000110||00110000101011001,101100001000000000000000|1001100110|000,|,401215,0,24921,|,2152,614,|,19,0,10,3,|,0,0,1,0
93,11111100111110000110||00110000101011001,01100001000000000000000|1001100110|0001,|,401215,0,24921,|,2152,614,|,19,0,10,4,|,0,0,1,0
94,11111100111110000110||00110000101011001,1100001000000000000000|1001100110|00010,|,401215,0,24921,|,2152,614,|,19,0,10,5,|,0,0,1,0
95,11111100111110000110||00110000101011001,100001000000000000000|1001100110|000101,|,401215,0,24921,|,2152,614,|,19,0,10,6,|,0,1,1,0
96,11111100111110000110|1|0001010010011001,1100001000000000000000|1001100110|00010,|,401215,32,5273,|,2152,614,|,19,1,10,5,|,0,1,1,0
97,11111100111110000110|10|001010010011001,01100001000000000000000|1001100110|0001,|,401215,32,5273,|,2152,614,|,19,2,10,4,|,0,1,1,0
98,11111100111110000110|101|00000101101001,101100001000000000000000|1001100110|000,|,401215,40,361,|,2152,614,|,19,3,10,3,|,0,1,1,0
99,11111100111110000110|1010|0000101101001,0101100001000000000000000|1001100110|00,|,401215,40,361,|,2152,614,|,19,4,10,2,|,0,1,1,0
100,11111100111110000110|10100|000101101001,00101100001000000000000000|1001100110|0,|,401215,40,361,|,2152,614,|,19,5,10,1,|,0,1,1,0
101,11111100111110000110|101000|00101101001,000101100001000000000000000|1001100110|,|,401215,40,361,|,2152,614,|,19,6,10,0,|,1,0,1,0
102,11111100111110000110|10100|000101101001,00101100001000000000000000|1001100110|0,|,401215,40,361,|,2152,614,|,19,5,10,1,|,1,0,1,0
103,11111100111110000110|1010|0000101101001,0101100001000000000000000|1001100110|00,|,401215,40,361,|,2152,614,|,19,4,10,2,|,1,0,1,0
104,11111100111110000110|101|00000101101001,101100001000000000000000|1001100110|000,|,401215,40,361,|,2152,614,|,19,3,10,3,|,1,0,1,0
105,11111100111110000110|10|000000101101001,01100100000010001100000|1001100110|0000,|,401215,32,361,|,3211872,614,|,19,2,10,4,|,1,0,1,0
106,11111100111110000110|1|0000000101101001,1100100000010001100000|1001100110|00000,|,401215,32,361,|,3211872,614,|,19,1,10,5,|,1,0,1,0
107,11111100111110000110||00000000101101001,100101011100101111000|1001100110|000000,|,401215,0,361,|,16050752,614,|,19,0,10,6,|,1,1,1,1
108,11111100111110000110||00000000101101001,0100101011100101111000|1001100110|00000,|,401215,0,361,|,16050752,614,|,19,0,10,5,|,1,1,1,0
109,11111100111110000110||00000000101101001,00100101011100101111000|1001100110|0000,|,401215,0,361,|,16050752,614,|,19,0,10,4,|,1,1,1,0
110,11111100111110000110||00000000101101001,000100101011100101111000|1001100110|000,|,401215,0,361,|,16050752,614,|,19,0,10,3,|,1,1,1,0
111,11111100111110000110||00000000101101001,0000100101011100101111000|1001100110|00,|,401215,0,361,|,16050752,614,|,19,0,10,2,|,1,1,1,0
112,11111100111110000110||00000000101101001,00000100101011100101111000|1001100110|0,|,401215,0,361,|,16050752,614,|,19,0,10,1,|,1,1,1,0
113,0000001001010111001011110||001001100110,1111110011111000011000000000|101101001|,|,16050752,0,614,|,401215,361,|,24,0,9,0,|,0,0,0,0
114,0000001001010111001011110||001001100110,111110011111000011000000000|101101001|1,|,16050752,0,614,|,401215,361,|,24,0,9,1,|,0,1,0,0
115,0000001001010111001011110|1|00011111101,1111110011111000011000000000|101101001|,|,16050752,1,253,|,401215,361,|,24,1,9,0,|,1,0,0,0
116,0000001001010111001011110||000011111101,111111010010000110111110000|101101001|1,|,16050752,0,253,|,16451967,361,|,24,0,9,1,|,1,1,0,1
117,1111111010010000110111110||000101101001,00000010010101110010111100000|11111101|,|,16451967,0,361,|,16050752,253,|,24,0,8,0,|,0,0,1,0
118,1111111010010000110111110||000101101001,0000010010101110010111100000|11111101|0,|,16451967,0,361,|,16050752,253,|,24,0,8,1,|,0,1,1,0
119,1111111010010000110111110|1|00001101100,00000010010101110010111100000|11111101|,|,16451967,1,108,|,16050752,253,|,24,1,8,0,|,1,0,1,0
120,1111111010010000110111110||000001101100,1111101110011111111011110000|11111101|1,|,16451967,0,108,|,32502719,253,|,24,0,8,1,|,1,1,1,1
121,11111101110011111111011110||00011111101,111111101001000011011111000000|1101100|,|,32502719,0,253,|,16451967,108,|,25,0,7,0,|,0,0,0,0
122,11111101110011111111011110||00011111101,11111101001000011011111000000|1101100|1,|,32502719,0,253,|,16451967,108,|,25,0,7,1,|,0,0,0,0
123,11111101110011111111011110||00011111101,1111101001000011011111000000|1101100|11,|,32502719,0,253,|,16451967,108,|,25,0,7,2,|,0,1,0,0
124,11111101110011111111011110|1|0000100101,11111101001000011011111000000|1101100|1,|,32502719,2,37,|,16451967,108,|,25,1,7,1,|,0,1,0,0
125,11111101110011111111011110|10|000100101,111111101001000011011111000000|1101100|,|,32502719,2,37,|,16451967,108,|,25,2,7,0,|,1,0,0,0
126,11111101110011111111011110|1|0000100101,11111101001000011011111000000|1101100|1,|,32502719,2,37,|,16451967,108,|,25,1,7,1,|,1,0,0,0
127,11111101110011111111011110||00000100101,1111110000111101011011001000|1101100|10,|,32502719,0,37,|,81457405,108,|,25,0,7,2,|,1,1,0,1
128,11111101110011111111011110||00000100101,01111110000111101011011001000|1101100|1,|,32502719,0,37,|,81457405,108,|,25,0,7,1,|,1,1,0,0
129,1011111100001111010110110010||001101100,1111110111001111111101111000000|100101|,|,81457405,0,108,|,32502719,37,|,27,0,6,0,|,0,0,1,0
130,1011111100001111010110110010||001101100,111110111001111111101111000000|100101|1,|,81457405,0,108,|,32502719,37,|,27,0,6,1,|,0,0,1,0
131,1011111100001111010110110010||001101100,11110111001111111101111000000|100101|11,|,81457405,0,108,|,32502719,37,|,27,0,6,2,|,0,1,1,0
132,1011111100001111010110110010|1|00100010,111110111001111111101111000000|100101|1,|,81457405,2,34,|,32502719,37,|,27,1,6,1,|,0,1,1,0
133,1011111100001111010110110010|10|0100010,1111110111001111111101111000000|100101|,|,81457405,2,34,|,32502719,37,|,27,2,6,0,|,1,0,1,0
134,1011111100001111010110110010|1|00100010,111110111001111111101111000000|100101|1,|,81457405,2,34,|,32502719,37,|,27,1,6,1,|,1,0,1,0
135,1011111100001111010110110010||000100010,01110110101011101001011101000|100101|10,|,81457405,0,34,|,195417529,37,|,27,0,6,2,|,1,1,1,1
136,1011111100001111010110110010||000100010,001110110101011101001011101000|100101|1,|,81457405,0,34,|,195417529,37,|,27,0,6,1,|,1,1,1,0
137,10011101101010111010010111010||00100101,1011111100001111010110110010000|100010|,|,195417529,0,37,|,81457405,34,|,28,0,6,0,|,0,0,0,0
138,10011101101010111010010111010||00100101,011111100001111010110110010000|100010|1,|,195417529,0,37,|,81457405,34,|,28,0,6,1,|,0,1,0,0
139,10011101101010111010010111010|1|0000011,1011111100001111010110110010000|100010|,|,195417529,1,3,|,81457405,34,|,28,1,6,0,|,1,0,0,0
140,10011101101010111010010111010||00000011,110110101100011000000010000100|100010|0,|,195417529,0,3,|,276874934,34,|,28,0,6,1,|,1,1,0,1
141,011011010110001100000001000010||0100010,10011101101010111010010111010000000|11|,|,276874934,0,34,|,195417529,3,|,29,0,2,0,|,0,0,1,0
142,011011010110001100000001000010||0100010,0011101101010111010010111010000000|11|1,|,276874934,0,34,|,195417529,3,|,29,0,2,1,|,0,0,1,0
143,011011010110001100000001000010||0100010,011101101010111010010111010000000|11|10,|,276874934,0,34,|,195417529,3,|,29,0,2,2,|,0,0,1,0
144,011011010110001100000001000010||0100010,11101101010111010010111010000000|11|100,|,276874934,0,34,|,195417529,3,|,29,0,2,3,|,0,0,1,0
145,011011010110001100000001000010||0100010,1101101010111010010111010000000|11|1001,|,276874934,0,34,|,195417529,3,|,29,0,2,4,|,0,1,1,0
146,011011010110001100000001000010|1|001010,11101101010111010010111010000000|11|100,|,276874934,8,10,|,195417529,3,|,29,1,2,3,|,0,1,1,0
147,011011010110001100000001000010|10|01010,011101101010111010010111010000000|11|10,|,276874934,8,10,|,195417529,3,|,29,2,2,2,|,0,1,1,0
148,011011010110001100000001000010|101|0100,0011101101010111010010111010000000|11|1,|,276874934,10,4,|,195417529,3,|,29,3,2,1,|,0,1,1,0
149,011011010110001100000001000010|1011|001,10011101101010111010010111010000000|11|,|,276874934,11,1,|,195417529,3,|,29,4,2,0,|,1,0,1,0
150,011011010110001100000001000010|101|0001,1110110001110010110010000111000000|11|1,|,276874934,10,1,|,472292463,3,|,29,3,2,1,|,1,0,1,0
151,011011010110001100000001000010|10|00001,011011100101000001010010111100000|11|11,|,276874934,8,1,|,1026042331,3,|,29,2,2,2,|,1,0,1,0
152,011011010110001100000001000010|1|000001,11011100101000001010010111100000|11|110,|,276874934,8,1,|,1026042331,3,|,29,1,2,3,|,1,0,1,0
153,011011010110001100000001000010||0000001,0001111110100111010010000011000|11|1101,|,276874934,0,1,|,3241041803,3,|,29,0,2,4,|,1,1,1,1
154,011011010110001100000001000010||0000001,10001111110100111010010000011000|11|110,|,276874934,0,1,|,3241041803,3,|,29,0,2,3,|,1,1,1,0
155,011011010110001100000001000010||0000001,010001111110100111010010000011000|11|11,|,276874934,0,1,|,3241041803,3,|,29,0,2,2,|,1,1,1,0
156,011011010110001100000001000010||0000001,1010001111110100111010010000011000|11|1,|,276874934,0,1,|,3241041803,3,|,29,0,2,1,|,1,1,1,0
157,110100011111101001110100100000110||0011,011011010110001100000001000010000000|1|,|,3241041803,0,3,|,276874934,1,|,32,0,1,0,|,0,0,0,0
158,110100011111101001110100100000110||0011,11011010110001100000001000010000000|1|0,|,3241041803,0,3,|,276874934,1,|,32,0,1,1,|,0,0,0,0
159,110100011111101001110100100000110||0011,1011010110001100000001000010000000|1|01,|,3241041803,0,3,|,276874934,1,|,32,0,1,2,|,0,1,0,0
160,110100011111101001110100100000110|1|001,11011010110001100000001000010000000|1|0,|,3241041803,2,1,|,276874934,1,|,32,1,1,1,|,0,1,0,0
161,110100011111101001110100100000110|11|00,011011010110001100000001000010000000|1|,|,3241041803,3,0,|,276874934,1,|,32,2,1,0,|,1,0,0,0
162,110100011111101001110100100000110|1|000,00000100110010011110101100010110000|1|1,|,3241041803,2,0,|,3517916737,1,|,32,1,1,1,|,1,0,0,0
163,110100011111101001110100100000110||0000,1010101010011111010000001010100100|1|11,|,3241041803,0,0,|,10000000343,1,|,32,0,1,2,|,1,1,0,1
164,110100011111101001110100100000110||0000,11010101010011111010000001010100100|1|1,|,3241041803,0,0,|,10000000343,1,|,32,0,1,1,|,1,1,0,0
165,11101010101001111101000000101010010||01,Algorithm Terminated,|,10000000343,0,1,|,3241041803,0,|,34,0,0,0,|,0,0,1,0
166,11101010101001111101000000101010010||01,Algorithm Terminated,|,10000000343,0,1,|,3241041803,0,|,34,0,0,1,|,0,0,1,0
167,11101010101001111101000000101010010||01,Algorithm Terminated,|,10000000343,0,1,|,3241041803,0,|,34,0,0,2,|,0,0,1,0
168,11101010101001111101000000101010010||01,Algorithm Terminated,|,10000000343,0,1,|,3241041803,0,|,34,0,0,3,|,0,0,1,0
169,11101010101001111101000000101010010||01,Algorithm Terminated,|,10000000343,0,1,|,3241041803,0,|,34,0,0,4,|,0,0,1,0
170,11101010101001111101000000101010010||01,Algorithm Terminated,|,10000000343,0,1,|,3241041803,0,|,34,0,0,5,|,0,0,1,0
171,11101010101001111101000000101010010||01,Algorithm Terminated,|,10000000343,0,1,|,3241041803,0,|,34,0,0,6,|,0,0,1,0
172,11101010101001111101000000101010010||01,Algorithm Terminated,|,10000000343,0,1,|,3241041803,0,|,34,0,0,7,|,0,0,1,0
173,11101010101001111101000000101010010||01,Algorithm Terminated,|,10000000343,0,1,|,3241041803,0,|,34,0,0,8,|,0,0,1,0
174,11101010101001111101000000101010010||01,Algorithm Terminated,|,10000000343,0,1,|,3241041803,0,|,34,0,0,9,|,0,0,1,0
175,11101010101001111101000000101010010||01,Algorithm Terminated,|,10000000343,0,1,|,3241041803,0,|,34,0,0,10,|,0,0,1,0
176,11101010101001111101000000101010010||01,Algorithm Terminated,|,10000000343,0,1,|,3241041803,0,|,34,0,0,11,|,0,0,1,0
177,11101010101001111101000000101010010||01,Algorithm Terminated,|,10000000343,0,1,|,3241041803,0,|,34,0,0,12,|,0,0,1,0
178,11101010101001111101000000101010010||01,Algorithm Terminated,|,10000000343,0,1,|,3241041803,0,|,34,0,0,13,|,0,0,1,0
179,11101010101001111101000000101010010||01,Algorithm Terminated,|,10000000343,0,1,|,3241041803,0,|,34,0,0,14,|,0,0,1,0
180,11101010101001111101000000101010010||01,Algorithm Terminated,|,10000000343,0,1,|,3241041803,0,|,34,0,0,15,|,0,0,1,0
181,11101010101001111101000000101010010||01,Algorithm Terminated,|,10000000343,0,1,|,3241041803,0,|,34,0,0,16,|,0,0,1,0
182,11101010101001111101000000101010010||01,Algorithm Terminated,|,10000000343,0,1,|,3241041803,0,|,34,0,0,17,|,0,0,1,0
183,11101010101001111101000000101010010||01,Algorithm Terminated,|,10000000343,0,1,|,3241041803,0,|,34,0,0,18,|,0,0,1,0
184,11101010101001111101000000101010010||01,Algorithm Terminated,|,10000000343,0,1,|,3241041803,0,|,34,0,0,19,|,0,0,1,0
185,11101010101001111101000000101010010||01,Algorithm Terminated,|,10000000343,0,1,|,3241041803,0,|,34,0,0,20,|,0,0,1,0
186,11101010101001111101000000101010010||01,Algorithm Terminated,|,10000000343,0,1,|,3241041803,0,|,34,0,0,21,|,0,0,1,0
187,11101010101001111101000000101010010||01,Algorithm Terminated,|,10000000343,0,1,|,3241041803,0,|,34,0,0,22,|,0,0,1,0
188,11101010101001111101000000101010010||01,Algorithm Terminated,|,10000000343,0,1,|,3241041803,0,|,34,0,0,23,|,0,0,1,0
189,11101010101001111101000000101010010||01,Algorithm Terminated,|,10000000343,0,1,|,3241041803,0,|,34,0,0,24,|,0,0,1,0
190,11101010101001111101000000101010010||01,Algorithm Terminated,|,10000000343,0,1,|,3241041803,0,|,34,0,0,25,|,0,0,1,0
191,11101010101001111101000000101010010||01,Algorithm Terminated,|,10000000343,0,1,|,3241041803,0,|,34,0,0,26,|,0,0,1,0
192,11101010101001111101000000101010010||01,Algorithm Terminated,|,10000000343,0,1,|,3241041803,0,|,34,0,0,27,|,0,0,1,0
193,11101010101001111101000000101010010||01,Algorithm Terminated,|,10000000343,0,1,|,3241041803,0,|,34,0,0,28,|,0,0,1,0
194,11101010101001111101000000101010010||01,Algorithm Terminated,|,10000000343,0,1,|,3241041803,0,|,34,0,0,29,|,0,0,1,0
195,11101010101001111101000000101010010||01,Algorithm Terminated,|,10000000343,0,1,|,3241041803,0,|,34,0,0,30,|,0,0,1,0
196,11101010101001111101000000101010010||01,Algorithm Terminated,|,10000000343,0,1,|,3241041803,0,|,34,0,0,31,|,0,0,1,0
197,11101010101001111101000000101010010||01,Algorithm Terminated,|,10000000343,0,1,|,3241041803,0,|,34,0,0,32,|,0,0,1,0
